Contig	First 100 bp	Start Repeats	Start Repeats Count	Start Repeats Length	Last 100 bp	End Repeats	End Repeats Cound	End Repeats Length	Start Telomere	End Telomere
NC_004325.2 Plasmodium falciparum 3D7 genome assembly, chromosome: 1	TGAACCCTAAAACCTAAACCCTAAACCCTAAACCCTGAACCCTAAACCCTGAACCCTAAACCCTAAACCCTGAACCCTAAACCCTAAACCCTGAACCCTA	['CCCTAAA', 'CCTAAA', 'CCCTAAA', 'CCCTAAA', 'CCCTAAA', 'CCCTAAA', 'CCCTAAA', 'CCCTAAA', 'CCCTAAA', 'CCCTA']	10	67	TAGGGTTCAGGGTTTAGGGTTTAGGTTTAGGGTTTAGGGTTCAGGGTTTAGGTTTAGGGTTCAGGGTTTAGGGTTTAGGGTTTAGGGTTTAGGGTTTAGG	['TAGGG', 'TTTAGGG', 'TTTAGG', 'TTTAGGG', 'TTTAGGG', 'TTTAGG', 'TTTAGGG', 'TTTAGGG', 'TTTAGGG', 'TTTAGGG', 'TTTAGGG', 'TTTAGG']	12	79	True	True
NC_037280.1 Plasmodium falciparum 3D7 genome assembly, chromosome: 2	AACCCTAAACCCTAAACCCTAAACCCTAAACCCTAAACCCTAAACCTAAACCCTGAACCCTAAACCTAAACCCTGAACCCTAAACCCTAAACCCTGAACC	['CCCTAAA', 'CCCTAAA', 'CCCTAAA', 'CCCTAAA', 'CCCTAAA', 'CCCTAAA', 'CCTAAA', 'CCCTAAA', 'CCTAAA', 'CCCTAAA', 'CCCTAAA']	11	75	CAGGGTTTAGGGTTTAGGGTTTAGGGTTCAGGGTTTAGGGTTCAGGGTTTAGGGTTTAGGGTTCAGGGTTTAGGGTTCAGGGTTTAGGTGTCAGGGTTCA	['TTTAGGG', 'TTTAGGG', 'TTTAGGG', 'TTTAGGG', 'TTTAGGG', 'TTTAGGG', 'TTTAGGG', 'TTTAGG']	8	55	True	True
NC_000521.4 Plasmodium falciparum 3D7 genome assembly, chromosome: 3	TAAACCCTAAATCTCTAAACCCTAAAGCTATACCTAAACCCTGAAGGTTATACCCGTAACCCTAAACCCTATACCCTGAAGCCTAAACGCTGAACCCTAA	['CCCTAAA', 'CCCTAAA', 'CCTAAA', 'CCCTAAA', 'CCCTA', 'CCTAAA', 'CCCTAA']	7	44	TTCAGGGTTTAGGGTTCAGGGTTTAGGTTTAGGGTTCAGGGTTTAGGGTTTAGGGTTCAGGGTTCATGGTTCAGGGTTCAGGTTTAGGGTTCAAGGTTCA	['TTTAGGG', 'TTTAGG', 'TTTAGGG', 'TTTAGGG', 'TTTAGGG', 'TTTAGGG']	6	41	True	True
NC_004318.2 Plasmodium falciparum 3D7 genome assembly, chromosome: 4	AACCCTAAACCCTGAACCCTAAACCCTAAACCCTGAACCCTGAACCCTAAACCCTAAACCCTAAAACCTGAACCCTAAACCCTAAACCCTGAACCCTGAA	['CCCTAAA', 'CCCTAAA', 'CCCTAAA', 'CCCTAAA', 'CCCTAAA', 'CCCTAAA', 'CCCTAAA', 'CCCTAAA']	8	56	TCAGGTTTTAGGTTTAGGGTTCAGGGTTTAGGGTTTAGGGTTTAGGGTTCAGGGTTTAGGGTTTAGGGTTCAGGGTTTAGGGTTTAGGGTTTAGGGTTTA	['TTTAGG', 'TTTAGGG', 'TTTAGGG', 'TTTAGGG', 'TTTAGGG', 'TTTAGGG', 'TTTAGGG', 'TTTAGGG', 'TTTAGGG', 'TTTAGGG']	10	69	True	True
NC_004326.2 Plasmodium falciparum 3D7 genome assembly, chromosome: 5	CTAAACCCTGAACCCTAAACCCTGAACCCTAAACCCTAAACCCTGAACCCTAAACCCTGAACCCTAAACCCTGAACCCCCTAAACCCTAAACCCTGAACC	['CCCTAAA', 'CCCTAAA', 'CCCTAAA', 'CCCTAAA', 'CCCTAAA', 'CCCCTAAA', 'CCCTAAA']	7	50	AGGTTTAGGGTTTAGGGTTCAGGGTTTAGGGTTCAGGGTTCAGGGTTTAGGTTTAGGTTTAGGGTTTAGGGTTTAGGGTTTAGGGTTTAGGGTTCAGGGT	['TTTAGGG', 'TTTAGGG', 'TTTAGGG', 'TTTAGG', 'TTTAGG', 'TTTAGGG', 'TTTAGGG', 'TTTAGGG', 'TTTAGGG', 'TTTAGGG']	10	68	True	True
NC_004327.3 Plasmodium falciparum 3D7 genome assembly, chromosome: 6	TAAACCCTAAACCCTGAACCTAACCCTGAACCCTAAACCCTGAACCCTAAACCCTAAACCCTAAACCCTGAACCCTAAACCCTGAACCCTAAACCCTAAA	['CCCTAAA', 'CCTAA', 'CCCTAAA', 'CCCTAAA', 'CCCTAAA', 'CCCTAAA', 'CCCTAAA', 'CCCTAAA', 'CCCTAAA']	9	61	GGTTACAGGTTTTAGGTTTAGGGTTTAGGTTTAGGTTTAGGTTTAGGGTTTAGGGTTTAGGGTTTAGGGTTTAGGTTTCAGGGTTTAGGTTTAGGGTTCA	['TTTAGG', 'TTTAGGG', 'TTTAGG', 'TTTAGG', 'TTTAGG', 'TTTAGGG', 'TTTAGGG', 'TTTAGGG', 'TTTAGGG', 'TTTAGG', 'TTTAGG', 'TTTAGGG']	12	78	True	True
NC_004328.3 Plasmodium falciparum 3D7 genome assembly, chromosome: 7	AAACCCTAAACCCTGAACCCTGAACCCTAAACCCTGAACCCTAAACCCTGAACCCTGAACCCTAAACCCTGAACCCTAAAACCCTAAACCCTGAACCCTA	['CCCTAAA', 'CCCTAAA', 'CCCTAAA', 'CCCTAAA', 'CCCTAAA', 'CCCTAAA', 'CCCTA']	7	47	TTAGGGTTTAGGGTTTAGGGTTCAGGGTTTAGGGTTCAGGGTTTAGGGTTCAGGGTTTAGGGTTCAGGGTTTAGGGTTTAGGTTTAGGGTTTAGGGTTCA	['TTAGGG', 'TTTAGGG', 'TTTAGGG', 'TTTAGGG', 'TTTAGGG', 'TTTAGGG', 'TTTAGGG', 'TTTAGG', 'TTTAGGG', 'TTTAGGG']	10	68	True	True
NC_004329.3 Plasmodium falciparum 3D7 genome assembly, chromosome: 8	AACCTAAACCCTAAACCCTAAACCCTGAACCCTAAACCCTAAACCCTGAACCCTGAACCCTAAACCCTGAACCCTAAACCTAACCCTAAACCCTAAACCC	['CCTAAA', 'CCCTAAA', 'CCCTAAA', 'CCCTAAA', 'CCCTAAA', 'CCCTAAA', 'CCCTAAA', 'CCTAA', 'CCCTAAA', 'CCCTAAA']	10	67	TCAGGGTTCAGGGTTTAGGTTTAGGGTTTAGGGTTTAGGGTTCAGGGTTTAGGTTTAGGTTTAGGGTTTAGGGTTCAGGGTTTAGGGTTTAGGGTTCAGG	['TTTAGG', 'TTTAGGG', 'TTTAGGG', 'TTTAGGG', 'TTTAGG', 'TTTAGG', 'TTTAGGG', 'TTTAGGG', 'TTTAGGG', 'TTTAGGG']	10	67	True	True
NC_004330.2 Plasmodium falciparum 3D7 genome assembly, chromosome: 9	AACCCTGAACCCTAAACCCTAAACCCTAAACCCTGAACCCTAAACCCTAAACCCTAAACCCTGAACCCTAAACCCTAAACCCTGAACCCTAAACCCTGAA	['CCCTAAA', 'CCCTAAA', 'CCCTAAA', 'CCCTAAA', 'CCCTAAA', 'CCCTAAA', 'CCCTAAA', 'CCCTAAA', 'CCCTAAA']	9	63	GTTCAGGGTTTAGGGTTTAGGGTTCAGGGTTTAGGGTTCAGGGTTTAGGGTTTAGGGTTCAGGGTTTAGGGTTCAGGTTTTAGGTTTTAGGTTTAGGGTT	['TTTAGGG', 'TTTAGGG', 'TTTAGGG', 'TTTAGGG', 'TTTAGGG', 'TTTAGGG', 'TTTAGG', 'TTTAGG', 'TTTAGGG']	9	61	True	True
NC_037281.1 Plasmodium falciparum 3D7 genome assembly, chromosome: 10	TAAACCCTGAACCCTAAACCCTGAACCCTAAACCACTAACCCTAAACCCTGAACCCTGAACCCTGAACCCTAAACCCTAAACCTAAACCCTGAACCCTAA	['CCCTAAA', 'CCCTAAA', 'CCCTAAA', 'CCCTAAA', 'CCCTAAA', 'CCTAAA', 'CCCTAA']	7	47	TTCAGGGTTTAGGGTTCAGGGTTTAGGGTTCAGGGTTCAGGGTTTAGGGTTCAGGGTTTAGGGTTCAGGGTTTAGGGTTCAGGTTTTAGGTTTTAGGGTT	['TTTAGGG', 'TTTAGGG', 'TTTAGGG', 'TTTAGGG', 'TTTAGGG', 'TTTAGG', 'TTTAGGG']	7	48	True	True
NC_037282.1 Plasmodium falciparum 3D7 genome assembly, chromosome: 11	AACCCTAAACCCTGAACCCTGAACCCTGAACCCTGAACCCTAAACCCTGAACCCTAAACCCTGAACCCTAAACCCTAAACCCTAAACCCTAAAACCCTAA	['CCCTAAA', 'CCCTAAA', 'CCCTAAA', 'CCCTAAA', 'CCCTAAA', 'CCCTAAA', 'CCCTAAA', 'CCCTAA']	8	55	GTAGGGTTTAGGGTTTAGGTTTAGGGTTCCAGGTTTAGGGTTTGGGGTTCAGGGTTTAGGGTTTAGGTTCAGGGTTTAGGGTTCAGGGTTTTGGGTTTAG	['TAGGG', 'TTTAGGG', 'TTTAGG', 'TTTAGGG', 'TTTAGGG', 'TTTAGGG', 'TTTAGG', 'TTTAGGG']	8	52	True	True
NC_037284.1 Plasmodium falciparum 3D7 genome assembly, chromosome: 12	CTGAACCCTAAACCCTAAACCCTAAACCTAAACCCTGAACCCTAAACCCTAAACCCTAAACCCTAAACCCTGAACCCTAAACCCTAAACCCTGAACCCTA	['CCCTAAA', 'CCCTAAA', 'CCCTAAA', 'CCTAAA', 'CCCTAAA', 'CCCTAAA', 'CCCTAAA', 'CCCTAAA', 'CCCTAAA', 'CCCTAAA', 'CCCTA']	11	74	TAAGTAAGAGTAAGAAGATAAGATTAAGTAAGTAAGACTAAGAAATGAAAAGTAAGAAGATAACAGTAAGTAAGTAAGAGTAAGTAAGTCAGAGTAAGTA	[]	0	0	True	False
NC_004331.3 Plasmodium falciparum 3D7 genome assembly, chromosome: 13	TAAACCCTGAACCCTAAACCCTGAACCCTAAACCCTAAACCCTAAACCTAAACCCTAAACCCTGAAACCCTAAACCCTAAAACCCTAAACCCTGAACCCT	['CCCTAAA', 'CCCTAAA', 'CCCTAAA', 'CCCTAAA', 'CCTAAA', 'CCCTAAA', 'CCCTAAA', 'CCCTAAA', 'CCCTAAA']	9	62	GGTTTAGGGTTTAGGTTTAGGGTTCAGGGTTTAGGGTTCAGGTTTTAGGTTTAGGGTTCAGGGTTTAGGGTTCAGGTTTTAGGGTTTAGGGTTTAGGGTT	['TTTAGGG', 'TTTAGG', 'TTTAGGG', 'TTTAGGG', 'TTTAGG', 'TTTAGGG', 'TTTAGGG', 'TTTAGGG', 'TTTAGGG', 'TTTAGGG']	10	68	True	True
NC_037283.1 Plasmodium falciparum 3D7 genome assembly, chromosome: 14	TGAACCCTAAACCCTAAACCCTAAACCCTAAACCCCTAAACCCTAAACCCTGAACCCTAAACCCTAAACCCTAAACCTAAACCCTAAACCCTAAACCCTG	['CCCTAAA', 'CCCTAAA', 'CCCTAAA', 'CCCTAAA', 'CCCCTAAA', 'CCCTAAA', 'CCCTAAA', 'CCCTAAA', 'CCCTAAA', 'CCTAAA', 'CCCTAAA', 'CCCTAAA']	12	84	TTCAGGGTTTAGGGTTCAGGGTTCAGGGTTTAGGGTTTAGGGTTTAGGGTTTCAGGGTTTAGGTTTAGGGTTTAGGGTTTAGGGTTCAGGGTTTAGGGTT	['TTTAGGG', 'TTTAGGG', 'TTTAGGG', 'TTTAGGG', 'TTTAGG', 'TTTAGGG', 'TTTAGGG', 'TTTAGGG', 'TTTAGGG']	9	62	True	True
NC_036769.1 Plasmodium falciparum strain 3D7, apicoplast	ATGATAAAATTTTTAAAACCTAAAATAAAAATATTAAAAAAATTAAATATACCTTTTTTATTATATTTATCTAGTAAATATAATTATAAATATTTAAATT	['CCTAAA']	1	6	TTGCTAAAGTAGCTTAATTGGTAAAGCAACTGATTTGTAATCAGTAGATTATGAGTTCAAATCTCACCATTAGCTTTTATTATTTTTATATATAATTATT	[]	0	0	False	False

Number of sequence searched: 15

Number of sequences with telomeric repeats at both ends (passing threshold): 13
NC_004325.2 Plasmodium falciparum 3D7 genome assembly, chromosome: 1
NC_037280.1 Plasmodium falciparum 3D7 genome assembly, chromosome: 2
NC_000521.4 Plasmodium falciparum 3D7 genome assembly, chromosome: 3
NC_004318.2 Plasmodium falciparum 3D7 genome assembly, chromosome: 4
NC_004326.2 Plasmodium falciparum 3D7 genome assembly, chromosome: 5
NC_004327.3 Plasmodium falciparum 3D7 genome assembly, chromosome: 6
NC_004328.3 Plasmodium falciparum 3D7 genome assembly, chromosome: 7
NC_004329.3 Plasmodium falciparum 3D7 genome assembly, chromosome: 8
NC_004330.2 Plasmodium falciparum 3D7 genome assembly, chromosome: 9
NC_037281.1 Plasmodium falciparum 3D7 genome assembly, chromosome: 10
NC_037282.1 Plasmodium falciparum 3D7 genome assembly, chromosome: 11
NC_004331.3 Plasmodium falciparum 3D7 genome assembly, chromosome: 13
NC_037283.1 Plasmodium falciparum 3D7 genome assembly, chromosome: 14

Number of sequences with telomeric repeats at start only (passing threshold): 1
NC_037284.1 Plasmodium falciparum 3D7 genome assembly, chromosome: 12

Number of sequences with telomeric repeats at end only (passing threshold): 0

Parameters Used:
Target sequences: C{2,4}T{1,2}A{1,3} and T{1,3}A{1,2}G{2,4}
Window length: 100
Threshold: 0.4
